주소(시),소속,해발고도(m),산 코드,이름
강원도 강릉시 왕산면 고단리,강릉시청,656.1,421501601,덕우산
강원도 강릉시 왕산면 대기리,강릉시청,674.5,421507401,괴병산
강원도 강릉시 왕산면 완산리,강릉시청,1238.3,421500201,고루포기산
강원도 고성군 거진읍 산북리,고성군청,383.4,428200801,노인산
강원도 고성군 현내면 산학리,고성군청,297,428200401,고성산
강원도 삼척시 남양동 ,삼척시청,73.1,422301101,남산
강원도 삼척시 마평동 ,삼척시청,506.6,422300801,근산
강원도 삼척시 미로면 삼거리,삼척시청,1357,422301901,두타산
강원도 삼척시 신기면 신기리,삼척시청,178.3,422301701,독묘산
강원도 삼척시 신기면 신기리,삼척시청,471.6,422300201,간대산
강원도 삼척시 신기면 신기리,삼척시청,471.6,422300201,간대산
강원도 삼척시 오분동 ,삼척시청,99.7,422300501,고성산
강원도 삼척시 원덕읍 노곡리,삼척시청,53.9,422301401,덕봉산
강원도 삼척시 원덕읍 옥원리,삼척시청,686.4,422300401,검봉산
강원도 양양군 서면 갈천리,양양군청,1196.3,428307401,갈전곡봉
강원도 양양군 서면 갈천리,양양군청,1196.3,428307401,갈전곡봉
강원도 영월군 김삿갓면 와석리,영월군청,1016,427500301,곰봉
강원도 영월군 남면 조전리,영월군청,626.4,427500701,국지산
강원도 영월군 남면 토교리,영월군청,818.6,427500101,가창산
강원도 영월군 남면 토교리,영월군청,818.6,427500101,가창산
강원도 영월군 상동읍 천평리,영월군청,1345.72,427505101,구룡산
강원도 영월군 영월읍 연하리,영월군청,889.6,427500201,계족산
강원도 원주시 문막읍 동화리,원주시청,259.5,421300301,건등산
강원도 원주시 신림면 구학리,원주시청,982.9,421300401,구학산
강원도 원주시 신림면 황둔리,원주시청,883.6,421300201,감악봉
강원도 인제군 남면 신월리,인제군청,557.5,428100501,간무봉
강원도 인제군 남면 신월리,인제군청,557.5,428100501,간무봉
강원도 인제군 북면 용대리,인제군청,1576.4,428101001,귀떼기청
강원도 인제군 북면 월학리,인제군청,1312.6,428101301,대암산
강원도 인제군 북면 한계리,인제군청,1518.5,428100201,가리봉
강원도 인제군 북면 한계리,인제군청,1518.5,428100201,가리봉
강원도 인제군 상남면 미산리,인제군청,1341.9,428100801,개인산
강원도 인제군 상남면 상남리,인제군청,1057.7,428100101,가득봉
강원도 인제군 상남면 상남리,인제군청,1057.7,428100101,가득봉
강원도 인제군 상남면 상남리,인제군청,1189.6,428100301,가마봉
강원도 인제군 상남면 상남리,인제군청,1189.6,428100301,가마봉
강원도 인제군 서화면 서흥리,인제군청,744.9,428101401,덕세산
강원도 인제군 인제읍 귀둔리,인제군청,1165,428105201,가칠봉
강원도 인제군 인제읍 귀둔리,인제군청,1165,428105201,가칠봉
강원도 정선군 북평면 남평리,정선군청,959,427701701,남산
강원도 정선군 북평면 숙암리,정선군청,1273,427700501,갈미봉
강원도 정선군 북평면 숙암리,정선군청,1273,427700501,갈미봉
강원도 정선군 사북읍 사북리,정선군청,1151.3,427701901,노목산
강원도 정선군 신동읍 고성리,정선군청,852.9,427700701,고고산
강원도 정선군 여량면 고양리,정선군청,1152.3,427700801,고양산
강원도 정선군 여량면 구절리,정선군청,1019,427702101,다락산
강원도 정선군 임계면 낙천리,정선군청,610.4,427702001,노인봉
강원도 정선군 정선읍 광하리,정선군청,693.5,427709801,나팔봉
강원도 정선군 정선읍 북실리,정선군청,1028,427709401,계봉
강원도 정선군 정선읍 신월리,정선군청,873.7,427701401,기우산
강원도 정선군 정선읍 회동리,정선군청,1561.8,427700101,가리왕산
강원도 정선군 정선읍 회동리,정선군청,1561.8,427700101,가리왕산
강원도 정선군 화암면 건천리,정선군청,948,427701801,남전산
강원도 정선군 화암면 화암리,정선군청,923.2,427701301,군의산
강원도 정선군 회암면 화암리,정선군청,1085.2,427700301,각희산
강원도 정선군 회암면 화암리,정선군청,1085.2,427700301,각희산
강원도 철원군 동송읍 이평리,철원군청,654.1,427800401,금학산
강원도 춘천시 남산면 강촌리,춘천시청,104.3,421100201,검봉산
강원도 춘천시 남산면 강촌리,춘천시청,485.4,421106101,강선봉
강원도 춘천시 남산면 강촌리,춘천시청,486.3,421101301,두리봉
강원도 춘천시 남산면 백양리,춘천시청,231.7,421100901,깃대봉
강원도 춘천시 남산면 백양리,춘천시청,307.3,421100701,굴봉산
강원도 춘천시 남산면 수동리,춘천시청,420.2,421101001,꼬깔봉
강원도 춘천시 동내면 고은리,춘천시청,899.3,421101101,대룡산
강원도 춘천시 동면 만천리,춘천시청,439.8,421100401,구봉산
강원도 춘천시 동산면 봉명리,춘천시청,750.7,421100501,구절산
강원도 춘천시 북사면 물로리,춘천시청,1050.9,421100101,가리산
강원도 춘천시 북사면 물로리,춘천시청,1050.9,421100101,가리산
강원도 춘천시 신동면 정족리,춘천시청,651.7,421100801,금병산
강원도 춘천시 퇴계동 ,춘천시청,203.9,421100601,국사봉
강원도 춘천시 퇴계동 ,춘천시청,203.9,421100601,국사봉
강원도 태백시 원동 ,태백시청,1079.8,421900101,가덕산
강원도 태백시 원동 ,태백시청,1079.8,421900101,가덕산
강원도 태백시 하사미동 ,태백시청,1072.9,421900601,덕항산
강원도 평창군 대관령면 횡계리,평창군청,1135.2,427600401,곤신봉
강원도 평창군 대화리 신리,평창군청,1173.1,427600201,거문산
강원도 평창군 방림면 방림리,평창군청,315.1,427601401,두리봉
강원도 평창군 봉평면 유포리,평창군청,1230.2,427601001,대미산
강원도 평창군 용평면 재산리,평창군청,1174.1,427600501,금당산
강원도 평창군 진부면 봉산리,평창군청,1227.8,427601301,두루봉
강원도 평창군 진부면 신기리,평창군청,1391.4,427601501,두타산
강원도 홍천군 내면 광원리,홍천군청,780.8,427201301,대대산
강원도 홍천군 내면 창촌리,홍천군청,1579.1,427206801,계방산
강원도 홍천군 내촌면 도관리,홍천군청,304.8,427201601,도관산
강원도 홍천군 동면 노천리,홍천군청,876.4,427201401,대학산
강원도 홍천군 동면 성수리,홍천군청,415.4,427201101,남산
강원도 홍천군 북방면 중화계리,홍천군청,262.1,427201801,두개비산
강원도 홍천군 서석면 어론리,홍천군청,728.3,427201701,동막산
강원도 홍천군 서석면 풍암리,홍천군청,828.6,427200301,고양산
강원도 홍천군 홍천읍 상오안리,홍천군청,641.5,427200901,까끈봉
강원도 홍천군 화촌면 굴운리,홍천군청,887.4,427200401,공작산
강원도 횡선군 공근면 어둔리,횡성군청,636.7,427300101,감루봉
강원도 횡선군 공근면 어둔리,횡성군청,636.7,427300101,감루봉
강원도 횡성군 갑천면 구방리,횡성군청,497.2,427300301,국사봉
강원도 횡성군 갑천면 구방리,횡성군청,497.2,427300301,국사봉
강원도 횡성군 공근면 삼배리,횡성군청,501,427300201,관심산
강원도 횡성군 공근면 청곡리,횡성군청,352.8,427303901,독재봉
강원도 횡성군 서원면 유현리,횡성군청,775.5,427300401,금물산
경기도 가평군 북면 목동리,가평군청,857.5,418200101,가덕산
경기도 가평군 북면 목동리,가평군청,857.5,418200101,가덕산
경기도 가평군 북면 적목리,가평군청,830.2,418200201,강씨봉
경기도 가평군 상면 원흥리,가평군청,675.5,418200301,개주산
경기도 가평군 설악면 이천리,가평군청,627.9,418200701,곡달산
경기도 가평군 조종면 대보리,가평군청,438.6,418201101,대금산
경기도 고양시 덕양구 선유동 ,고양시 덕양구청,559.9,412801301,개명산
경기도 고양시 덕양구 행주외동 ,고양시 덕양구청,124.6,412800501,덕양산
경기도 고양시 덕양구 현천동 ,고양시 덕양구청,126.3,412800401,대덕산
경기도 과천시 중앙동 ,과천시청,632.2,412900101,관악산
경기도 광명시 가학동 ,광명시청,220,412100501,가학산
경기도 광명시 가학동 ,광명시청,220,412100501,가학산
경기도 광명시 하안동 ,광명시청,200.7,412100301,도덕산
경기도 광명시 하안동 ,광명시청,240.8,412100201,구름산
경기도 광주시 곤지암읍 오향리,광주시청,380.1,416100101,감투봉
경기도 광주시 남종면 귀여리,광주시청,235.5,416100601,금봉산
경기도 광주시 남종면 금사리,광주시청,207.3,416100401,국사봉
경기도 광주시 남종면 금사리,광주시청,207.3,416100401,국사봉
경기도 광주시 남한산성면 검복리,광주시청,536.4,416100201,검단산
경기도 광주시 남한산성면 광지원리,광주시청,388.5,416100801,노적산
경기도 광주시 쌍령동 ,광주시청,423.8,416100501,국수봉
경기도 광주시 초월읍 무갑리,광주시청,559.6,416100301,관산
경기도 남양주시 와부읍 덕소리,남양주시청,89.1,413600501,금대산
경기도 남양주시 와부읍 월문리,남양주시청,543.7,413600201,갑산
경기도 수원시 권선구 오목천동 ,수원시 권선구청,98.9,411170101,고금산
경기도 수원시 장안구 상광교동 ,수원시 장안구청,581.2,411170201,광교산
경기도 시흥시 군자동 ,시흥시청,198.4,413900101,군자봉
경기도 안산시 단원구 와동 ,안산시청,209,412700101,광덕산
경기도 안산시 상록구 성포동 ,안산시청,143.3,412700201,노적봉
경기도 안성시 고삼면 쌍지리,안성시청,327.2,415500101,경수산
경기도 안성시 고삼면 월향리,안성시청,234.5,415500401,금병산
경기도 안성시 보개면 복평리,안성시청,166.5,415500901,돌섯산
경기도 안성시 양성면 덕봉리,안성시청,298.2,415500201,고성산
경기도 안성시 원곡면 산하리,안성시청,164,415500801,덕암산
경기도 양주시 고암동 ,양주시청,200.8,416300301,고장산
경기도 양주시 은현면 용암리,양주시청,965.3,416300501,도락산
경기도 양주시 장흥면 울대리,양주시청,740.2,416300601,도봉산
경기도 양평군 개군면 석장리,양평군청,237.9,418300301,개군산
경기도 양평군 단월면 삼가리,양평군청,485.9,418301201,노기산
경기도 양평군 서종면 도장리,양평군청,463.9,418301001,기봉
경기도 양평군 양동면 고송리,양평군청,326,418300701,구락산
경기도 양평군 양동면 금왕리,양평군청,266.7,418300401,건지산
경기도 양평군 양서면 양수리,양평군청,229.7,418301301,노적봉
경기도 양평군 옥천면 신복리,양평군청,743.8,418301501,대부산
경기도 양평군 옥천면 옥천리,양평군청,217.4,418301101,남산
경기도 양평군 지평면 일신리,양평군청,528.5,418300501,고래산
경기도 여주시 가남읍 신해리,여주시청,150.6,416700701,대명산
경기도 여주시 강천면 도전리,여주시청,131.1,416703701,당산
경기도 여주시 금사면 상호리,여주시청,418.8,416703601,대렴봉
경기도 여주시 금사면 상호리,여주시청,418.8,416700601,대렴봉
경기도 여주시 상거동 ,여주시청,251.7,416700801,대포산
경기도 여주시 점동면 관한리,여주시청,151.5,416701001,두둠이산
경기도 여주시 점동면 잠안리,여주시청,192.5,416700901,도림골산
경기도 여주시 점동면 장안리,여주시청,156.8,416700201,개내골산
경기도 여주시 점동면 청안리,여주시청,283.5,416700101,강금산
경기도 여주시 흥천면 상백리,여주시청,110.5,416700401,기관산
경기도 연천군 청산면 백의리,연천군청,447.2,418000201,개미산
경기도 오산시 서랑동 ,오산시청,160.3,413700301,노적봉
경기도 용인시 처인구 김량장동 ,용인시청,574,414600701,노고봉
경기도 용인시 처인구 남사면 완장리,용인시청,206.9,414601001,달봉산
경기도 용인시 처인구 모현읍 갈담리,용인시청,199.2,414600301,구만이산
경기도 용인시 처인구 모현읍 매산리,용인시청,229.4,414600901,달기산
경기도 용인시 처인구 양지면 추계리,용인시청,424.9,414603801,금박산
경기도 용인시 처인구 양지면 평창리,용인시청,434.2,414601101,독조봉
경기도 용인시 처인구 운학동 ,용인시청,346.7,414600501,국사봉
경기도 용인시 처인구 운학동 ,용인시청,346.7,414600501,국사봉
경기도 용인시 처인구 원삼면 맹리,용인시청,410.6,414600201,건지산
경기도 용인시 처인구 원삼면 죽능리,용인시청,461.1,414600401,구봉산
경기도 의왕시 초평동 ,의왕시청,145.3,414300201,구봉산
경기도 이천시 마장면 이치리,이천시청,146.7,415001001,두리봉
경기도 이천시 마장면 작촌리,이천시청,352.8,415003401,동맥이산
경기도 이천시 설성면 수산리,이천시청,307.8,415003501,노성산
경기도 이천시 설성면 암산리,이천시청,164.8,415000801,돌박지산
경기도 이천시 율면 고당리,이천시청,128.9,415000101,가래산
경기도 이천시 율면 고당리,이천시청,128.9,415000101,가래산
경기도 이천시 율면 총곡리,이천시청,160.2,415000701,도투미산
경기도 이천시 호법면 매곡리,이천시청,148.3,415000301,관진봉
경기도 이천시 호법면 주미리,이천시청,309,415000501,대덕산
경기도 일산동구 중산동 ,일산동구청,206.3,412800101,고봉산
경기도 파주시 법원읍 갈곡리,파주시청,401,414800601,노고산
경기도 파주시 법원읍 웅담리,파주시청,211.8,414800501,남산
경기도 파주시 적성면 객현리,파주시청,674.9,414800101,감악산
경기도 파주시 적성면 자장리,파주시청,150,414800301,국사봉
경기도 파주시 적성면 자장리,파주시청,150,414800301,국사봉
경기도 평택시 청북읍 어소리,평택시청,137.5,412200501,덕지산
경기도 평택시 포승읍 방림리,평택시청,58.1,412200301,대덕산
경기도 평택시 현덕면 권관리,평택시청,44.1,412200101,계두봉
경기도 평택시 현덕면 신왕리,평택시청,132.4,412200201,고등산
경기도 포천시 관인면 삼율리,포천시청,643.1,416500601,고남산
경기도 포천시 신북면 가채리,포천시청,306.7,416500101,가랑산
경기도 포천시 신북면 가채리,포천시청,306.7,416500101,가랑산
경기도 포천시 신북면 심곡리,포천시청,350.5,416501201,덕령산
경기도 포천시 영북면 산정리,포천시청,732.1,416500701,관음산
경기도 포천시 영중면 금주리,포천시청,568.3,416501101,금주산
경기도 포천시 이동면 도평리,포천시청,662,416500301,각흘봉
경기도 포천시 이동면 도평리,포천시청,662,416500301,각흘봉
경기도 포천시 이동면 도평리,포천시청,774.3,416500201,가리산
경기도 포천시 이동면 도평리,포천시청,774.3,416500201,가리산
경기도 포천시 이동면 도평리,포천시청,882,416504501,각흘산
경기도 포천시 이동면 도평리,포천시청,882,416504501,각흘산
경기도 포천시 이동면 도평리,포천시청,1049.2,416500801,광덕산
경기도 하남시 교산동 ,하남시청,292.1,414500101,객산
경기도 하남시 하산곡동 ,하남시청,658.4,414500201,검단산
경기도 하남시 항동 ,하남시청,321.2,414500301,금암산
경기도 화성시 남양읍 남양리,화성시청,148.3,415900201,고초봉
경기도 화성시 봉담읍 세곡리,화성시청,335.5,415900101,건달산
경기도 화성시 장안면 수촌리,화성시청,102.5,415900401,꽃당산
경상남도 거제시 거제면 남동리,거제시청,25.4,483100801,남산
경상남도 거제시 고현동 ,거제시청,569.8,483100401,계룡산
경상남도 거제시 덕포동 ,거제시청,136,483101701,동산
경상남도 거제시 동부면 구천리,거제시청,557.1,483101001,노자산
경상남도 거제시 동부면 율포리,거제시청,291.3,483101601,동망산
경상남도 거제시 둔덕면 상둔리,거제시청,459.5,483101401,대봉산
경상남도 거제시 양정동 ,거제시청,334.9,483101501,독봉산
경상남도 거제시 연초면 다공리,거제시청,287.5,483100901,남여산
경상남도 거제시 연초면 명동리,거제시청,438.692,483101301,대금산
경상남도 거제시 장목면 구영리,거제시청,260,483107701,대봉산
경상남도 거제시 장목면 농소리,거제시청,218.4,483101101,노장산
경상남도 거제시 장목면 외포리,거제시청,374.3,483100301,강망산
경상남도 거제시 하청면 대곡리,거제시청,161,483100601,굿등산
경상남도 거창군 거창읍 가지리,거창군청,573.2,488800401,건흥산
경상남도 거창군 남상면 무촌리,거창군청,952.6,488800101,감악산
경상남도 거창군 남상면 춘전리,거창군청,669.6,488801501,덕갈산
경상남도 거창군 남하면 대야리,거창군청,518.6,488805001,감토산
경상남도 거창군 남하면 둔마리,거창군청,838.6,488804401,금귀봉
경상남도 거창군 신원면 청수리,거창군청,765.1,488806301,갈전산
경상남도 거창군 신원면 청수리,거창군청,765.1,488806301,갈전산
경상남도 거창군 위천면 상천리,거창군청,1330.8,488807501,기백산
경상남도 거창군 위천면 상천리,거창군청,1352.5,488805801,금원산
경상남도 고성군 거류면 거산리,고성군청,571.71,488200301,거류산
경상남도 고성군 고성읍 신월리,고성군청,96.6,488200401,곡산
경상남도 고성군 고성읍 이당리,고성군청,205.9,488201101,당우산
경상남도 고성군 동해면 외산리,고성군청,272.4,488200901,노인산
경상남도 고성군 마암면 도전리,고성군청,350.5,488200701,금정산
경상남도 고성군 마암면 신리,고성군청,278.4,488201301,덕산
경상남도 고성군 삼산면 미룡리,고성군청,368.3,488200101,갈모봉산
경상남도 고성군 삼산면 미룡리,고성군청,368.3,488200101,갈모봉산
경상남도 고성군 영오면 오서리,고성군청,176.5,488201001,당뫼산
경상남도 고성군 영현면 영부리,고성군청,306,488201501,동산
경상남도 고성군 영현면 영부리,고성군청,341.2,488200801,금태산
경상남도 고성군 영현면 영부리,고성군청,424.502,488201201,대곡산
경상남도 고성군 회화면 삼덕리,고성군청,308.8,488200601,금봉산
경상남도 김해시 관동동 ,김해시청,663.2,482500401,굴암산
경상남도 김해시 구산동 ,김해시청,46.1,482500301,구지봉
경상남도 김해시 대동면 예안리,김해시청,341.6,482500801,까치산
경상남도 김해시 대동면 월촌리,김해시청,136.6,482500101,각성산
경상남도 김해시 대동면 월촌리,김해시청,136.6,482500101,각성산
경상남도 김해시 상동면 감로리,김해시청,463.191,482500501,금동산
경상남도 김해시 상동면 묵방리,김해시청,348.6,482501001,도봉산
경상남도 김해시 주촌면 덕암리,김해시청,376.3,482504901,금음산
경상남도 김해시 진영읍 여래리,김해시청,271,482500601,금병산
경상남도 남해군 남면 평산리,남해군청,359.6,488400201,고동산
경상남도 남해군 삼동면 금송리,남해군청,438.7,488401501,대금산
경상남도 남해군 서면 대정리,남해군청,208.1,488401101,남산
경상남도 남해군 설천면 금음리,남해군청,480.9,488400901,금음산
경상남도 남해군 설천면 덕신리,남해군청,450.4,488401301,녹두산
경상남도 남해군 설천면 문의리,남해군청,377.9,488400501,구두산
경상남도 남해군 설천면 진목리,남해군청,371.3,488401401,대국산
경상남도 남해군 이동면 신전리,남해군청,704.9,488400801,금산
경상남도 남해군 창선면 광천리,남해군청,469.9,488401601,대방산
경상남도 남해군 창선면 진동리,남해군청,185.1,488401001,남방봉
경상남도 밀양시 단장면 단장리,밀양시청,212.6,482700401,경주산
경상남도 밀양시 단장면 단장리,밀양시청,502.2,482700101,가래봉
경상남도 밀양시 단장면 단장리,밀양시청,502.2,482700101,가래봉
경상남도 밀양시 무안면 덕암리,밀양시청,545.3,482701201,덕암산
경상남도 밀양시 부북면 퇴로리,밀양시청,381,482701301,돗대산
경상남도 밀양시 산내면 삼양리,밀양시청,983.1,482706201,능동산
경상남도 밀양시 산외면 다죽리,밀양시청,203.2,482701001,다원동산
경상남도 밀양시 삼랑진읍 행곡리,밀양시청,766,482700701,금오산
경상남도 밀양시 상동면 도곡리,밀양시청,597,482700801,낙화산
경상남도 사천시 곤명면 본촌리,사천시청,155.9,482400501,다래봉
경상남도 사천시 곤양면 남문외리,사천시청,133.7,482400301,남산
경상남도 사천시 대방동 ,사천시청,408.4,482400101,각산
경상남도 사천시 대방동 ,사천시청,408.4,482400101,각산
경상남도 사천시 사남면 우천리,사천시청,383.5,482400201,구룡산
경상남도 사천시 서금동 ,사천시청,25.4,482400401,노산
경상남도 산청군 금서면 평촌리,산청군청,616.1,488601201,기산
경상남도 산청군 산청읍 송경리,산청군청,587,488601001,구인산
경상남도 산청군 산청읍 옥산리,산청군청,237.542,488601301,꽃봉산
경상남도 산청군 생비량면 제보리,산청군청,363.1,488600301,갈미봉
경상남도 산청군 생비량면 제보리,산청군청,363.1,488600301,갈미봉
경상남도 산청군 생초면 노은리 ,산청군청,335.8,488600101,가막산
경상남도 산청군 생초면 노은리 ,산청군청,335.8,488600101,가막산
경상남도 산청군 시천면 동당리,산청군청,961,488600901,구곡산
경상남도 산청군 시천면 중태리,산청군청,569.7,488601901,두방산
경상남도 산청군 차황면 부리,산청군청,628.2,488601401,남산
경상남도 양산시 용당동 ,양산시청,742.6,483300501,대운산
경상남도 의령군 궁류면 계현리,의령군청,323.4,487200401,거장산
경상남도 의령군 부림면 익구리,의령군청,181,487200201,갓골산
경상남도 의령군 부림면 익구리,의령군청,323,487201001,다락산
경상남도 의령군 유곡면 세간리,의령군청,242.1,487200501,고망산
경상남도 의령군 의령읍 동동리,의령군청,323.1,487204201,남산
경상남도 의령군 정곡면 오방리,의령군청,231.6,487200901,긴등산
경상남도 의령군 지정면 두곡리,의령군청,259.2,487200301,갓등산
경상남도 의령군 지정면 득소리,의령군청,257.3,487200101,가목산
경상남도 의령군 지정면 득소리,의령군청,257.3,487200101,가목산
경상남도 진주시 명석면 외율리,진주시청,347.1,481700201,광제봉
경상남도 창녕군 길곡면 마천리,창녕군청,476.6,487400101,강태봉
경상남도 창녕군 남지읍 고곡리,창녕군청,307.9,487400401,구진산
경상남도 창녕군 남지읍 학계리,창녕군청,166,487400701,도초산
경상남도 창녕군 대합면 내울리,창녕군청,209.1,487400301,구룡산
경상남도 창녕군 창녕읍 퇴천리,창녕군청,579,487400501,구현산
경상남도 창원시 마산합포구 구산면 옥계리,창원시청,95.9,481500401,금주산
경상남도 창원시 마산합포구 마산합포구 진북면,창원시청,752,481500301,광려산
경상남도 창원시 마산합포구 현동 ,창원시청,227.5,481500501,당마산
경상남도 창원시 마산회원구 내서읍 감천리,창원시청,516,481500601,대곡산
경상남도 창원시 성산구 불모산동 불모산동,창원시청,675.8,481100201,대암산
경상남도 창원시 의창구 북면 고암리,창원시청,432.5,481100101,구룡산
경상남도 창원시 진해구 남문동 남문동,창원시청,98.6,481900301,남산
경상남도 창원시 진해구 소사동 소사동,창원시청,149.4,481900101,계산
경상남도 창원시 진해구 안곡동 안곡동,창원시청,205.4,481900201,곶출산
경상남도 통영시 도산면 관덕리,통영시청,341.8,482200601,도덕산
경상남도 통영시 동호동 ,통영시청,71.7,482200401,남망산
경상남도 통영시 미수동 ,통영시청,73.5,482200501,당산
경상남도 통영시 욕지면 노대리,통영시청,206.5,482200301,깃대봉
경상남도 통영시 정량동 ,통영시청,126.5,482200201,굿산
경상남도 통영시 한산면 염호리,통영시청,188.9,482200101,고동산
경상남도 하동군 금남면 덕천리,하동군청,875.1,488500301,금오산
경상남도 하동군 적량면 서리,하동군청,773.7,488500201,구제봉
경상남도 하동군 청암면 묵계리,하동군청,1153.2,488500101,관음봉
경상남도 함안군 대산면 대사리,함안군청,130.2,487300401,고종산
경상남도 함안군 대산면 부목리,함안군청,106.3,487300101,갈마산
경상남도 함안군 대산면 부목리,함안군청,106.3,487300101,갈마산
경상남도 함양군 병곡면 원산리,함양군청,1245.8,488703901,대봉산
경상남도 함양군 서상면 금당리,함양군청,930.3,488700701,깃대봉
경상남도 함양군 서상면 도천리,함양군청,1184,488700101,거망산
경상남도 함양군 서하면 다곡리,함양군청,1041,488703701,도숭산
경상남도 함양군 수동면 상백리,함양군청,552.7,488700201,골무산
경상남도 합천군 가야면 성기리,합천군청,1036.2,488902001,두무산
경상남도 합천군 가야면 이천리,합천군청,321.5,488901001,남산봉
경상남도 합천군 가야면 치인리,합천군청,311.1,488900901,깃대봉
경상남도 합천군 가회면 오도리,합천군청,323,488900801,기산
경상남도 합천군 대병면 성리,합천군청,592.1,488900701,금성산
경상남도 합천군 묘산면 안성리,합천군청,515.1,488901601,달윤산
경상남도 합천군 봉산면 계산리,합천군청,545.4,488901301,논덕산
경상남도 합천군 봉산면 계산리,합천군청,563,488900301,강덕산
경상남도 합천군 용주면 성산리,합천군청,232.7,488900101,갈마산
경상남도 합천군 용주면 성산리,합천군청,232.7,488900101,갈마산
경상남도 합천군 용주면 장전리,합천군청,381.8,488900601,금곡산
경상남도 합천군 율곡면 낙민리,합천군청,201,488901501,단봉산
경상남도 합천군 율곡면 본천리,합천군청,267.4,488901801,대야성산
경상남도 합천군 율곡면 본천리,합천군청,591.1,488901701,대암산
경상남도 합천군 적중면 죽고리,합천군청,207.7,488901901,동웅봉
경상남도 합천군 청덕면 가현리,합천군청,37.4,488900401,강진산
경상남도 합천군 청덕면 운봉리,합천군청,402,488901401,다남산
경상북도 경산시 남산면 평기리,경산시청,615.7,472900401,대왕산
경상북도 경산시 남천면 산전리,경산시청,431.1,472901401,금성산
경상북도 경산시 용성면 고죽리,경산시청,307.6,472900301,금학산
경상북도 경산시 용성면 고죽리,경산시청,418.8,472900201,금박산
경상북도 경산시 진량읍 속초리,경산시청,261.3,472900501,도천산
경상북도 경주시 건천읍 방내리,경주시청,827.2,471301101,단석산
경상북도 경주시 내남면 용장리,경주시청,495.1,471300801,금오산
경상북도 경주시 보문동 ,경주시청,99.5,471301001,낭산
경상북도 경주시 서면 도리,경주시청,393.6,471300501,관산
경상북도 경주시 안강읍 두류리,경주시청,521,471300701,금곡산
경상북도 경주시 안강읍 옥산리,경주시청,703,471301301,도덕산
경상북도 경주시 천군동 ,경주시청,320.1,471301201,대덕산
"경상북도 경주시 탑동, 배동, 내남면",경주시청,468,471300201,남산
경상북도 경주시 현곡면 가정리,경주시청,594.4,471300601,구미산
경상북도 구미시 남통동 ,구미시청,976.5,471900101,금오산
경상북도 구미시 도개면 다곡리,구미시청,694,471900301,냉산
경상북도 군위군 고로면 낙전리,군위군청,578.8,477200301,두리봉
경상북도 군위군 우보면 나호리,군위군청,338.8,477200101,국통산
경상북도 김천시 감문면 광덕리,김천시청,391,471500401,광덕산
경상북도 김천시 감천면 무안리,김천시청,603.5,471500201,고당산
경상북도 김천시 대항면 대성리,김천시청,811.4,471501301,덕대산
경상북도 김천시 대항면 향천리,김천시청,655.8,471501401,동구지산
경상북도 김천시 부곡동 ,김천시청,482.3,471500301,고성산
경상북도 김천시 어모면 다남리,김천시청,227.6,471504301,광덕산
경상북도 김천시 어모면 은기리,김천시청,733.4,471500801,난함산
경상북도 김천시 조마면 강곡리,김천시청,682.7,471500101,가제산
경상북도 김천시 조마면 강곡리,김천시청,682.7,471500101,가제산
경상북도 김천시 조마면 대방리,김천시청,453.8,471500601,글씨산
경상북도 김천시 조마면 신곡리,김천시청,566,471501501,동대산
경상북도 김천시 지좌동 ,김천시청,571.6,471500701,까치산
경상북도 문경시 가은읍 완장리,문경시청,931,472800901,대야산
경상북도 문경시 가은읍 하괴리,문경시청,992,472800501,뇌정산
경상북도 문경시 동로면 노은리,문경시청,914.6,472800201,공덕산
경상북도 문경시 마성면 상내리,문경시청,572.2,472800601,능곡산
경상북도 문경시 문경읍 각서리,문경시청,276.6,472800401,기산
경상북도 문경시 산양면 형천리,문경시청,165.3,472800101,고모산
경상북도 봉화군 봉성면 우곡리,봉화군청,711.5,479200201,갈방산
경상북도 봉화군 봉성면 우곡리,봉화군청,711.5,479200201,갈방산
경상북도 봉화군 봉화읍 적덕리,봉화군청,265.2,479200501,달봉산
경상북도 봉화군 봉화읍 화천리,봉화군청,364.1,479205101,노인봉
경상북도 봉화군 봉화읍 화천리,봉화군청,372.7,479200601,대마산
경상북도 봉화군 재산면 동면리,봉화군청,690.3,479200701,덕산봉
경상북도 봉화군 춘양면 석현리,봉화군청,1202,479200101,각화산
경상북도 봉화군 춘양면 석현리,봉화군청,1202,479200101,각화산
경상북도 상주시 공검면 지평리,상주시청,207.6,472500101,갈모봉
경상북도 상주시 공검면 지평리,상주시청,207.6,472500101,갈모봉
경상북도 상주시 공성면 장동리,상주시청,439.53,472500401,국수봉
경상북도 상주시 낙동면 구잠리,상주시청,240.2,472500601,나각산
경상북도 상주시 낙동면 비룡리,상주시청,805.8,472500201,갑장산
경상북도 상주시 남장동 ,상주시청,729,472500901,노악산
경상북도 상주시 모서면 도안리,상주시청,325.3,472501001,대가산
경상북도 상주시 외서면 개곡리,상주시청,195.8,472501101,덕산
경상북도 상주시 은척면 남곡리,상주시청,819.9,472500701,남산
경상북도 상주시 중동면 회상리,상주시청,421.6,472500301,건지봉
경상북도 상주시 청리면 마공리,상주시청,704.8,472500501,기양산
경상북도 성주군 금수면 광산리,성주군청,526.8,478400601,도장골산
경상북도 성주군 금수면 무학리,성주군청,956.1,478400701,독용산
경상북도 성주군 성주읍 대황리,성주군청,486.5,478400501,대황산
경상북도 성주군 수륜면 백운리,성주군청,1432.6,478400101,가야산
경상북도 성주군 수륜면 백운리,성주군청,1432.6,478400101,가야산
경상북도 성주군 수륜면 봉양리,성주군청,466.9,478400401,노인봉
경상북도 안동시 길안면 고란리,안동시청,530.6,471700401,계명산
경상북도 안동시 길안면 금곡리,안동시청,575.5,471700701,금학산
경상북도 안동시 남선면 도로리,안동시청,547,471700101,갈라산
경상북도 안동시 남선면 도로리,안동시청,547,471700101,갈라산
경상북도 안동시 도사면 온혜리,안동시청,557,471700201,건지산
경상북도 안동시 도산면 운곡리,안동시청,480.6,471700501,국망봉
경상북도 안동시 북후면 도진리,안동시청,278.4,471706201,건지산
경상북도 안동시 북후면 석탑리,안동시청,548.5,471705701,갈미봉
경상북도 안동시 북후면 석탑리,안동시청,548.5,471705701,갈미봉
경상북도 안동시 서후면 교리,안동시청,210.8,471701001,대표산
경상북도 안동시 임동면 대곡리,안동시청,485.4,471701101,두름산
경상북도 안동시 임하면 추목리,안동시청,555.4,471700801,기룡산
경상북도 안동시 풍산읍 오미리,안동시청,283.8,471700301,검무산
경상북도 안동시 풍산읍 현애리,안동시청,217.5,471700901,대봉산
경상북도 영덕군 남정면 쟁암리,영덕군청,792.4,477701201,동대산
경상북도 영덕군 달산면 매일리,영덕군청,445.8,477700901,덕갈산
경상북도 영덕군 영해면 벌영리,영덕군청,95.8,477701301,동산
경상북도 영덕군 지품면 삼화리,영덕군청,516,477700301,국사당산
경상북도 영덕군 지품면 용덕리,영덕군청,398.4,477701101,돌시산
경상북도 영덕군 창수면 미곡리,영덕군청,184.3,477700801,대봉산
경상북도 영덕군 창수면 수리,영덕군청,684.1,477701001,독경산
경상북도 영덕군 축산면 상원리,영덕군청,291.3,477700101,고래산
경상북도 영양군 석보면 홍계리,영양군청,591.9,477600201,괘산
경상북도 영양군 수비면 본신리,영양군청,862.2,477600301,금장산
경상북도 영주시 봉현면 대촌리,영주시청,252.8,472100101,대기산
경상북도 영주시 이산면 두월리,영주시청,247.7,472100201,두월산
경상북도 영천시 북안면 상리,영천시청,674.82,472300201,구룡산
경상북도 영천시 북안면 유상리,영천시청,411.8,472300301,금오산
경상북도 영천시 신녕면 연정리,영천시청,557,472300601,노고산
경상북도 영천시 자양면 보현리,영천시청,965.5,472300401,기룡산
경상북도 영천시 청통면 보성리,영천시청,174.8,472300701,대왕산
경상북도 예천군 예천읍 동본리,예천군청,124.4,479000401,남산
경상북도 예천군 예천읍 우계리,예천군청,191.8,479000501,냉정산
경상북도 예천군 용궁면 가야리,예천군청,150.7,479000201,고종산
경상북도 예천군 지보면 마산리,예천군청,333.4,479000301,나부산
경상북도 예천군 효자면 도촌리,예천군청,851,479000101,가재봉
경상북도 예천군 효자면 도촌리,예천군청,851,479000101,가재봉
경상북도 울릉군 북면 천부리,울릉군청,280.8,479400401,두루봉
경상북도 울릉군 북면 현포리,울릉군청,563.7,479400301,노인봉
경상북도 울릉군 서면 남양리,울릉군청,196.9,479400101,가두봉
경상북도 울릉군 서면 남양리,울릉군청,196.9,479400101,가두봉
경상북도 울릉군 울릉읍 사동리,울릉군청,417.4,479400501,두리봉
경상북도 울릉군 울릉읍 사동리,울릉군청,722.5,479400201,관모봉
경상북도 울진군 근남면 구산리,울진군청,437.7,479300601,남수산
경상북도 울진군 매화면 기양리,울진군청,652.4,479300701,대령산
경상북도 울진군 온정면 온정리,울진군청,423,479300401,기린봉
경상북도 울진군 울진읍 대흥리,울진군청,388.6,479300201,금산
경상북도 울진군 평해읍 월송리,울진군청,2.9,479300101,굴미봉
경상북도 의성군 금성면 탑리리,의성군청,530.2,477300601,금성산
경상북도 의성군 다인면 봉정리,의성군청,313.2,477301001,독점산
경상북도 의성군 안사면 만리리,의성군청,330.9,477300301,곤지산
경상북도 의성군 안사면 안사리,의성군청,494.3,477300201,고도산
경상북도 의성군 의성읍 팔성리,의성군청,210.8,477300401,구봉산
경상북도 의성군 춘산면 금천리,의성군청,567.9,477300801,늑두산
경상북도 청도군 각남면 사리,청도군청,851.7,478200601,남산
경상북도 청도군 각북면 우산리,청도군청,364.7,478200801,대밭골산
경상북도 청도군 매전면 장연리,청도군청,784.2,478200401,구만산
경상북도 청도군 운문면 대천리,청도군청,317.4,478200201,개산
경상북도 청도군 이서면 대전리,청도군청,303,478200501,나부산
경상북도 청도군 풍각면 성곡리,청도군청,367.5,478200701,노인봉
경상북도 청송군 안덕면 노래리,청송군청,794.2,477500801,노래산
경상북도 청송군 진보면 광덕리,청송군청,489,477500301,광덕산
경상북도 청송군 진보면 괴정리,청송군청,900.1,477500901,대둔산
경상북도 청송군 진보면 추현리,청송군청,528.5,477500201,고산
경상북도 청송군 현서면 수락리,청송군청,714.9,477501001,대정산
경상북도 청송군 현서면 화목리,청송군청,674.7,477500401,구무산
경상북도 칠곡군 가산면 가산리,칠곡군청,901.8,478500101,가산
경상북도 칠곡군 가산면 가산리,칠곡군청,901.8,478500101,가산
경상북도 칠곡군 기산면 행정리,칠곡군청,347.5,478501001,도고산
경상북도 칠곡군 석적읍 망정리,칠곡군청,468.1,478500701,기반산
경상북도 칠곡군 왜관읍 금산리,칠곡군청,278.7,478500501,금무산
경상북도 칠곡군 지천면 심천리,칠곡군청,521.2,478500201,건령산
경상북도 포항시 남구 구룡포읍 눌태리,포항시청,213.7,471100301,공개산
경상북도 포항시 남구 구룡포읍 성동리,포항시청,198.9,471100401,광정산
경상북도 포항시 남구 구룡포읍 성동리,포항시청,212.8,471101001,뇌성산
경상북도 포항시 남구 동해면 상정리,포항시청,230.1,471100701,금오산
경상북도 포항시 남구 장기면 신창리,포항시청,50.4,471101201,독산
경상북도 포항시 남구 장기면 읍내리,포항시청,251.8,471101301,동악산
경상북도 포항시 남구 효자동 ,포항시청,109.5,471100901,노적봉
경상북도 포항시 북구 송라면,포항시청,711.3,471100801,내연산
경상북도 포항시 북구 신광면 만석리,포항시청,347.9,471100101,고주산
경상북도 포항시 북구 죽장면 상사리,포항시청,807.7,471100601,구암산
경상북도 포항시 북구 흥해읍,포항시청,382.7,471104901,도음산
경상북도 포항시 북구 흥해읍 곡강리,포항시청,118.6,471100501,구곡산
경상북도 포항시 북구 흥해읍 칠포리,포항시청,176.9,471100201,곤륜산
광주광역시 남구 양과동 ,남구청,325.7,291550201,건지산
광주광역시 남구 원산동 ,남구청,150.2,291550101,건덕산
광주광역시 남구 진월동 ,남구청,303.5,291550301,금당산
광주광역시 동구 내남동 ,동구청,255.7,291100201,계봉
광주광역시 동구 선교동 ,동구청,313.8,291100101,갈미봉
광주광역시 동구 선교동 ,동구청,313.8,291100101,갈미봉
광주광역시 동구 용산동 ,동구청,235.6,291100501,노적봉
광주광역시 동구 지산동 ,동구청,219.4,291100401,깃대봉
광주광역시 북구 덕의동 ,북구청,415.4,291700301,덕봉산
광주광역시 북구 동림동 ,북구청,92.4,291700201,대마산
광주광역시 서구 매월동 ,서구청,179.3,291400101,개금산
대구광역시 달서구 다사읍 세천리,달서구청,250.9,272900101,궁산
대구광역시 달서구 두류동 ,달서구청,125.6,272900201,두류산
대구광역시 달서구 성당동 ,달서구청,106.3,272900301,두리봉
대구광역시 달성군 가창면 상원리,달성군청,602.7,277100701,동학산
대구광역시 달성군 논공읍 노이리,달성군청,489.8,277100201,금계산
대구광역시 달성군 옥포면 반송리,달성군청,276.6,277100301,기산
대구광역시 달성군 옥포면 송촌리,달성군청,377.2,277100601,대방산
대구광역시 달성군 유가읍 쌍계리,달성군청,289.1,277103701,금산
대구광역시 달성군 하빔면 묘리,달성군청,190.6,277100101,구봉산
대구광역시 동구 덕곡동 ,동구청,660.7,271400401,도덕산
대구광역시 동구 둔산동 ,동구청,368.9,271400201,능천산
대구광역시 동구 신용동 ,동구청,511.3,271400101,거저산
대구광역시 동구 용계동 ,동구청,131.6,271400501,돈지봉
대구광역시 북구 읍내동 ,북구청,75.6,272300101,구수산
대구광역시 수성구 매호동 ,수성구청,95.3,272600101,고산
대전광역시 대덕구 비래동 ,대덕구청,231.8,302300201,꽃산
대전광역시 대덕구 읍내동 ,대덕구청,137.4,302300301,당산
대전광역시 대덕구 장동 ,대덕구청,423.9,302300101,계족산
대전광역시 동구 내탑동 ,동구청,219.9,301100401,고해산
대전광역시 동구 비래동 ,동구청,334.7,301100301,고봉산
대전광역시 동구 세천동 ,동구청,510.5,301100501,국사봉
대전광역시 동구 세천동 ,동구청,510.5,301100501,국사봉
대전광역시 동구 소호동 ,동구청,381.6,301100101,강바위산
대전광역시 동구 효평동 ,동구청,357.3,301100201,개머리산
대전광역시 서구 괴곡동 ,서구청,263.1,301700101,구봉산
대전광역시 유성구 갑동 ,유성구청,468.7,302000101,갑하산
대전광역시 유성구 세동 ,유성구청,526.5,302000201,관암산
대전광역시 유성구 추목동 ,유성구청,365.2,302000301,금병산
부산광역시 금정구 금성동 ,금정구청,800.8,264100101,금정산
부산광역시 기장군 기장읍 내리,기장군청,308.5,267100101,감딤산
부산광역시 기장군 기장읍 내리,기장군청,308.5,267100101,감딤산
부산광역시 기장군 일광면 원리,기장군청,588.1,267100401,달음산
부산광역시 기장군 철마면 고촌리,기장군청,450.2,267100201,개좌산
부산광역시 기장군 철마면 송정리,기장군청,265.8,267101801,공덕산
부산광역시 기장군 철마면 와여리,기장군청,543.9,267100301,거문산
부산광역시 부산진구 초읍동 ,부산진구청,149.7,262300201,금용산
부산광역시 부산진구 초읍동 ,부산진구청,399.3,262300301,금정봉
부산광역시 사하구 신평동 ,사하구청,210.5,263800201,동매산
부산광역시 서구 동대신동3가 ,서구청,404.6,261400201,구봉산
부산광역시 서구 서대신동3가 ,서구청,545.3,261400101,구덕산
부산광역시 수영구 광안동 ,수영구청,413.6,265000101,금련산
부산광역시 해운대구 송정동 ,해운대구청,155.6,263500101,곽걸산
부산광역시 해운대구 좌동 ,해운대구청,433.6,263500201,구곡산
서울특별시  도봉구 도봉동 ,도봉구청,740.2,113200102,도봉산_자운봉
서울특별시  중구 예장동 ,중구청,270.85,111400101,남산
서울특별시  중랑구 신내동 ,중랑구청,177.9,112600101,구능산
서울특별시  중랑구 신내동 ,중랑구청,177.9,112600201,구릉산
서울특별시 강남구 일원동 ,강남구청,291.58,116800201,대모산
서울특별시 강서구 개화동 ,강서구청,128.4,115000101,개화산
서울특별시 강서구 화곡동 ,강서구청,70.5,115000301,까치산
서울특별시 관악구 신림동 ,관악구청,632.2,116200201,관악산
서울특별시 마포구 노고산동 ,마포구청,104.5,114400101,노고산
서울특별시 서초구 염곡동 ,서초구청,307.7,116500101,구룡산
세종특별자치시  금남면 부용리,연기군청,271.7,447300501,꾀꼬리봉
세종특별자치시  반곡동 ,연기군청,201.2,447300201,괴화산
세종특별자치시  소정면 고등리,연기군청,307.2,447300101,고려산
세종특별자치시  연기면 연기리,연기군청,156.5,447300701,당산
세종특별자치시  정의면 달전리,연기군청,424.1,447300401,금성산
울산광역시 남구 여천동 ,남구청,89.2,311400101,돗질산
울산광역시 북구 호계동 ,북구청,446.7,312000101,동대산
울산광역시 북구 화봉동 ,북구청,235.6,312000201,동화산
울산광역시 울주군 범서읍 척과리,울주군청,603.2,317100601,국수봉
울산광역시 울주군 상동면 조일리,울주군청,353.9,317100901,노상산
울산광역시 울주군 상북면 궁근정리,울주군청,1034.1,317100501,고헌산
울산광역시 울주군 상북면 덕현리,울주군청,1240.9,317100101,가지산
울산광역시 울주군 상북면 덕현리,울주군청,1240.9,317100101,가지산
울산광역시 울주군 상북면 등억알프스리,울주군청,1069.2,317104301,간월산
울산광역시 울주군 상북면 등억알프스리,울주군청,1069.2,317104301,간월산
울산광역시 울주군 상북면 산전리,울주군청,760.8,317100401,고운산
울산광역시 울주군 온산읍 학남리,울주군청,102.5,317101101,대덕산
울산광역시 울주군 청량읍 덕하리,울주군청,40.5,317101301,돌박산
울산광역시 울주군 청량읍 용암리,울주군청,169.5,317100301,거남산
울산광역시 울주군 청량읍 율리,울주군청,258.9,317100801,노방산
울산광역시 울주군 청량읍 율리,울주군청,544.4,317100701,남암산
인천광역시 강화군 강화읍 남산리,강화군청,222.5,287100401,남산
인천광역시 강화군 길상면 선두리,강화군청,335.8,287100301,길상산
인천광역시 강화군 하점면 삼거리,강화군청,436.3,287100101,고려산
인천광역시 계양구 목상동 ,계양구청,395.4,282600201,계양산
인천광역시 남동구 장수동 ,남동구청,160.8,282000301,관모산
인천광역시 남동구 장수동 ,남동구청,210.3,282000101,거마산
인천광역시 서구 금곡동 ,서구청,214.7,282600101,가현산
인천광역시 서구 금곡동 ,서구청,214.7,282600101,가현산
인천광역시 옹진군 덕적면 서포리,옹진군청,314.3,287200301,국수봉
인천광역시 옹진군 북도면 모도리,옹진군청,97.4,287200401,당산
인천광역시 옹진군 북도면 신도리,옹진군청,179.6,287200101,구봉산
인천광역시 옹진군 북도면 장봉리,옹진군청,150.3,287201501,국사봉
인천광역시 옹진군 북도면 장봉리,옹진군청,150.3,287201501,국사봉
인천광역시 옹진군 영흥면 내리,옹진군청,156.3,287200201,국사봉
인천광역시 옹진군 영흥면 내리,옹진군청,156.3,287200201,국사봉
전라남도 강진군 군동면 금사리,강진군청,336.5,468100301,금사봉
전라남도 강진군 도암면 봉황리,강진군청,432.8,468100501,덕룡산
전라남도 강진군 마량면 상흥리,강진군청,388.5,468100101,관찰봉
전라남도 강진군 옴천면 개산리,강진군청,202,468100401,깃대봉
전라남도 강진군 칠량면 삼흥리,강진군청,464.2,468100201,괴바위산
전라남도 고흥군 동강면 매곡리,고흥군청,486.4,467700401,두방산
전라남도 고흥군 동일면 덕흥리,고흥군청,238.6,467700101,구룡산
전라남도 고흥군 포두면 길두리,고흥군청,40,467700301,당산
전라남도 고흥군 풍양면 보천리,고흥군청,175.8,467700201,금성산
전라남도 곡성군 삼기면 수산리,곡성군청,489.4,467200601,대명산
전라남도 곡성군 석곡면 구봉리,곡성군청,478.1,467200301,구산
전라남도 곡성군 오곡면 송정리,곡성군청,715.3,467202601,곤방산
전라남도 곡성군 오산면 선세리,곡성군청,488,467200101,검장산
전라남도 곡성군 오산면 조양리,곡성군청,422.9,467200501,기우산
전라남도 광양시 광양읍 우산리,광양시청,248.5,462300501,내우산
전라남도 광양시 봉강면 신룡리,광양시청,729.4,461504201,계족산
전라남도 광양시 성황동 ,광양시청,471.7,462300301,구봉화산
전라남도 광양시 성황동 ,광양시청,496.9,462300101,가야산
전라남도 광양시 성황동 ,광양시청,496.9,462300101,가야산
전라남도 구례군 간전면 효곡리,구례군청,1153.2,467300601,도솔봉
전라남도 구례군 구례읍 계산리,구례군청,496.6,467300101,갈미봉
전라남도 구례군 구례읍 계산리,구례군청,496.6,467300101,갈미봉
전라남도 구례군 문척면 금정리,구례군청,702.8,467300301,계족산
전라남도 나주시 다도면 암정리,나주시청,376.4,461700701,덕룡산
전라남도 나주시 다시면 가흥리,나주시청,54.6,461700601,대박산
전라남도 나주시 다시면 신광리,나주시청,453.4,461700501,금성산
전라남도 나주시 반남면 청송리,나주시청,106,461700901,두류산
전라남도 나주시 운곡동 ,나주시청,190.5,461700101,가야산
전라남도 나주시 운곡동 ,나주시청,190.5,461700101,가야산
전라남도 담양군 금성면 외추리,담양군청,463.2,467100201,고비산
전라남도 담양군 담양읍 학동리,담양군청,233.1,467102501,남산
전라남도 담양군 창평면 외동리,담양군청,558.6,467100401,국수봉
전라남도 목포시 석현동 ,목포시청,157.3,461100101,대박산
전라남도 무안군 몽탄면 사천리,무안군청,223,468400201,건지봉
전라남도 무안군 몽탄면 청용리,무안군청,148.2,468400901,두대산
전라남도 무안군 무안읍 성남리,무안군청,191.7,468400501,남산
전라남도 무안군 무안읍 평용리,무안군청,86.7,468400401,깃대봉
전라남도 무안군 삼향읍 유교리,무안군청,252.3,468400601,대봉산
전라남도 무안군 청계면 도대리,무안군청,183.4,468400801,도대봉
전라남도 무안군 해제면 양월리,무안군청,106.9,468400701,대월산
전라남도 무안군 현경면 오류리,무안군청,332,468400301,검무산
전라남도 무안군 현경면 해운리,무안군청,259,468400101,감방산
전라남도 무안군 현경면 해운리,무안군청,259,468400101,감방산
전라남도 보성군 문덕면 귀산리,보성군청,526.2,467800301,국기봉
전라남도 보성군 문덕면 동산리,보성군청,463.8,467800501,동소산
전라남도 보성군 미력면 반룡리,보성군청,444.8,467800401,대룡산
전라남도 보성군 복내면 계산리,보성군청,581.6,467800101,계당산
전라남도 순천시 낙안면 금산리,순천시청,667.9,461503801,금전산
전라남도 순천시 낙안면 목촌리,순천시청,709.5,461504301,고동산
전라남도 순천시 낙안면 목촌리,순천시청,709.5,461503901,고동산
전라남도 순천시 서면 비월리,순천시청,442.3,461500401,깃대봉
전라남도 순천시 서면 운평리,순천시청,407.8,461505601,깃대봉
전라남도 순천시 승주읍 구강리,순천시청,411.1,461504801,대왕산
전라남도 순천시 인제동 ,순천시청,347.5,461500501,남산
전라남도 순천시 주암면 오산리,순천시청,256.4,461500201,계관산
전라남도 순천시 주암면 운룡리,순천시청,449.4,461500101,간축산
전라남도 순천시 주암면 운룡리,순천시청,449.4,461500101,간축산
전라남도 순천시 황전면 덕림리,순천시청,656.4,461505301,갈미봉
전라남도 순천시 황전면 덕림리,순천시청,656.4,461505301,갈미봉
전라남도 순천시 황전면 죽청리,순천시청,325.8,461500301,관암산
전라남도 신안군 도초면 우이도리,신안군청,248.1,469101001,도리산
전라남도 신안군 도초면 죽연리,신안군청,219.2,469100401,금성산
전라남도 신안군 비금면 도고리,신안군청,81.1,469100901,덕산
전라남도 신안군 안좌면 향목리,신안군청,64.7,469101301,돌산
전라남도 신안군 압해읍 동서리,신안군청,59.2,469100301,구항산
전라남도 신안군 압해읍 분매리,신안군청,81.4,469101201,돌매산
전라남도 신안군 임자면 삼두리,신안군청,319.9,469100601,대둔산
전라남도 신안군 자은면 대율리,신안군청,362.7,469101401,두봉산
전라남도 신안군 장산면 다수리,신안군청,196.1,469100801,대성산
전라남도 신안군 증도면 증동리,신안군청,136.8,469101101,돈대봉
전라남도 신안군 흑산면 사리,신안군청,213.5,469100101,검머리
전라남도 신안군 흑산면 홍도리,신안군청,381.8,469100501,깃대봉
전라남도 여수시 남면 유송리,여수시청,382,461300801,대부산
전라남도 여수시 둔덕동 ,여수시청,337.4,461300201,고락산
전라남도 여수시 신월동 ,여수시청,386,461300401,구봉산
전라남도 여수시 화양면 장수리,여수시청,362,461300301,고봉산
전라남도 여수시 화정면 낭도리,여수시청,278.9,461300601,낭도산
전라남도 영광군 군남면 양덕리,영광군청,112.7,468702001,검덕산
전라남도 영광군 법성면 대덕리,영광군청,240.7,468700401,대덕산
전라남도 영광군 염산면 야월리,영광군청,206.2,468701901,가음산
전라남도 영광군 염산면 야월리,영광군청,206.2,468701901,가음산
전라남도 영광군 영광읍 연성리,영광군청,149.9,468702501,관람산
전라남도 영광군 홍농읍 성산리,영광군청,132.1,468700101,계양산
전라남도 영암군 군서면 도갑리,영암군청,400.9,468300401,도갑산
전라남도 영암군 군서면 해창리,영암군청,104.4,468300101,가삼봉
전라남도 영암군 군서면 해창리,영암군청,104.4,468300101,가삼봉
전라남도 영암군 금정면 세류리,영암군청,487.5,468300301,궁성산
전라남도 영암군 삼호읍 삼포리,영암군청,129.8,468302101,갈마산
전라남도 영암군 삼호읍 삼포리,영암군청,129.8,468302101,갈마산
전라남도 완도군 고금면 청용리,완도군청,193,468900501,덕암산
전라남도 완도군 보길면 예송리,완도군청,312.5,468900201,광대봉
전라남도 완도군 소안면 이월리,완도군청,337.6,468900401,대봉산
전라남도 완도군 신지면 신상리,완도군청,226.6,468900301,노학봉
전라남도 완도군 완도읍 군내리,완도군청,158.6,468901801,동망봉
전라남도 장성군 북이면 모현리,장성군청,137,468800301,고봉산
전라남도 장성군 북하면 단전리,장성군청,420.3,468800701,깃대봉
전라남도 장성군 북하면 동현리,장성군청,307.4,468800101,감투봉
전라남도 장성군 삼계면 부성리,장성군청,546.8,468800401,고성산
전라남도 장성군 삼계면 상도리,장성군청,187.7,468800801,낭월산
전라남도 장흥군 대덕읍 잠두리,장흥군청,367.2,468000301,공성산
전라남도 장흥군 부산면 지천리,장흥군청,262.8,468000601,기역산
전라남도 장흥군 용산면 모산리,장흥군청,387.9,468000401,광춘산
전라남도 장흥군 용산면 풍길리,장흥군청,342.8,468000701,노승산
전라남도 장흥군 유치면 봉덕리,장흥군청,509.9,468000101,가지산
전라남도 장흥군 유치면 봉덕리,장흥군청,509.9,468000101,가지산
전라남도 진도군 군내면 나리,진도군청,118.3,469000101,건배산
전라남도 진도군 군내면 녹진리,진도군청,122,469000801,도암산
전라남도 진도군 군내면 덕병리,진도군청,202.2,469000301,금골산
전라남도 진도군 군내면 덕병리,진도군청,254,469000201,고두산
전라남도 진도군 의신면 금갑리,진도군청,165.9,469000401,남망산
전라남도 진도군 의신면 칠전리,진도군청,235.5,469000601,대곡산
전라남도 진도군 조도면 여미리,진도군청,210,469000701,도리산
전라남도 진도군 진도읍 남동리,진도군청,243.3,469000501,남산
전라남도 진도군 진도읍 동외리,진도군청,73.8,469001001,동산
전라남도 함평군 대동면 향교리,함평군청,361.8,468600101,고산봉
전라남도 함평군 신광면 송사리,함평군청,261.8,468600401,노승산
전라남도 함평군 신광면 송사리,함평군청,405.4,468600301,군유산
전라남도 함평군 함평읍 기각리,함평군청,149.8,468601501,기산봉
전라남도 해남군 계곡면 가학리,해남군청,527.8,468302301,두억봉
전라남도 해남군 계곡면 가학리,해남군청,527.8,468303101,두억봉
전라남도 해남군 계곡면 가학리,해남군청,574.7,468200201,가학산
전라남도 해남군 계곡면 가학리,해남군청,574.7,468200201,가학산
전라남도 해남군 문내면 동외리,해남군청,85,468200801,대덕산
전라남도 해남군 문내면 석교리,해남군청,54.6,468201101,독서산
전라남도 해남군 북일면 흥촌리,해남군청,700,468201301,두륜산_가련봉
전라남도 해남군 송지면 서정리,해남군청,108.3,468201201,동산
전라남도 해남군 송지면 서정리,해남군청,498.8,468200701,달마산
전라남도 해남군 송지면 해원리,해남군청,334.8,468200101,가공산
전라남도 해남군 송지면 해원리,해남군청,334.8,468200101,가공산
전라남도 해남군 해남읍 구교리,해남군청,488.3,468200501,금강산
전라남도 해남군 해남읍 복평리,해남군청,316.8,468200601,남각산
전라남도 해남군 화산면 관동리,해남군청,177.3,468200301,관두산
전라남도 화순군 남면 벽송리,화순군청,407.7,467900601,구봉산
전라남도 화순군 도암면 등광리,화순군청,497.2,467900101,개천산
전라남도 화순군 도암면 봉하리,화순군청,379.4,467900501,광덕산
전라남도 화순군 이양면 초방리,화순군청,422,468000201,고비산
전라남도 화순군 춘양면 가동리,화순군청,496.4,467900801,금성산
전라남도 화순군 한천면 가암리,화순군청,410.2,467900901,덕음산
전라남도 화순군 한천면 고시리,화순군청,630.5,467901101,두봉산
전라남도 화순군 한천면 오음리,화순군청,352.1,467901001,도덕산
전라남도 화순군 한천면 오음리,화순군청,403.8,467900201,검설산
전라북도 고창군 성송면 산수리,고창군청,528.3,457900201,고산
전라북도 군산시 나포면 나포리,군산시청,64.5,451300501,공주산
전라북도 군산시 대야면 보덕리,군산시청,63.7,451304701,금성산
전라북도 군산시 대야면 보덕리,군산시청,109.3,451301501,대초산
전라북도 군산시 대야면 죽산리,군산시청,92.2,451300101,건장산
전라북도 군산시 성산면 고봉리,군산시청,149,451300401,고봉산
전라북도 군산시 성산면 창오리,군산시청,128.5,451301401,대명산
전라북도 군산시 옥도면 신시도리,군산시청,188.3,451301301,대각산
전라북도 군산시 옥도면 어청도리,군산시청,103.1,451300201,검산봉
전라북도 군산시 옥도면 어청도리,군산시청,115.9,451300601,공치산
전라북도 군산시 옥산면 당북리,군산시청,91,451301701,돗대산
전라북도 군산시 옥산면 쌍봉리,군산시청,95.1,451301601,대황산_대봉산
전라북도 군산시 옥산면 옥산리,군산시청,125.5,451300901,금성산
전라북도 군산시 임피면 읍내리,군산시청,156.5,451301101,남산
전라북도 김제시 금구면 오봉리,김제시청,217.8,452100201,꼬깔봉
전라북도 김제시 성덕면 남포리,김제시청,25.1,452100401,남포산
전라북도 김제시 진봉면 고사리,김제시청,61.3,452100101,국사봉
전라북도 김제시 진봉면 고사리,김제시청,61.3,452100101,국사봉
전라북도 남원시 금지면 방촌리,남원시청,710.1,451900401,고리봉
전라북도 남원시 사매면 관풍리,남원시청,391.3,451900201,계룡산
전라북도 남원시 산곡동 ,남원시청,518.9,451900501,교룡산
전라북도 남원시 산동면 부절리,남원시청,846.8,451900301,고남산
전라북도 남원시 수지면 고평리,남원시청,775.1,451900101,견두산
전라북도 남원시 어현동 ,남원시청,289.1,451900901,덕음산
전라북도 남원시 인월면 중군리,남원시청,1151.5,451900701,덕두산
전라북도 담양군 금성면 금성리,담양군청,566,467100301,광덕산
전라북도 무주군 설천면 두길리,무주군청,1178.3,457300101,거칠봉
전라북도 무주군 설천면 삼공리,무주군청,1614.2,457300702,덕유산_향적봉
전라북도 무주군 적상면 괴목리,무주군청,593,457300601,대호산
전라북도 무주군 적상면 방이리,무주군청,659,457300201,구리골산
전라북도 부안군 계화면 계화리,부안군청,244.9,458000201,계화산
전라북도 부안군 변산면 중계리,부안군청,495.7,458000501,기상봉
전라북도 부안군 위도면 식도리,부안군청,117.4,458000101,가마귀산
전라북도 부안군 위도면 식도리,부안군청,117.4,458000101,가마귀산
전라북도 부안군 위도면 진리,부안군청,153.8,458000701,도제봉
전라북도 부안군 주산면 사산리,부안군청,35,458000401,구산
전라북도 부안군 주산면 사산리,부안군청,105.4,458000601,뉘엉매
전라북도 부안군 행안면 역리,부안군청,68.3,458000301,고성산
전라북도 순창군 복흥면 금월리,순창군청,529.9,457700601,대각산
전라북도 순창군 복흥면 어은리,순창군청,461.3,457700801,도장봉
전라북도 순창군 순창읍 교성리,순창군청,344.9,457700901,동산
전라북도 순창군 순창읍 복실리,순창군청,433,457700501,금산
전라북도 순창군 쌍치면 금성리,순창군청,402.5,457700401,계룡산
전라북도 순창군 유등면 건곡리,순창군청,143.3,457700201,거등산
전라북도 순창군 유등면 창신리,순창군청,160.8,457700701,대동산
전라북도 순창군 인계면 갑동리,순창군청,411.9,457700301,건지산
전라북도 순창군 인계면 셰룡리,순창군청,545.9,457701001,두류봉
전라북도 순창군 팔덕면 청계리,순창군청,585.8,457700101,강천산_왕자봉
전라북도 완주군 구이면 덕천리,완주군청,659.1,457100101,경각산
전라북도 완주군 구이면 안덕리,완주군청,535.3,457100301,국사봉
전라북도 완주군 구이면 안덕리,완주군청,535.3,457100301,국사봉
전라북도 완주군 화산면 춘산리,완주군청,374.8,457100201,고성산
전라북도 익산시 여산면 태성리,익산시청,28.5,451400101,당제산
전라북도 임실군 관촌면 운수리,임실군청,621.9,457500201,고덕산
전라북도 임실군 삼계면 어은리,임실군청,272.9,457500501,도리봉
전라북도 임실군 오수면 주천리,임실군청,539.7,457500301,노산
전라북도 임실군 운암면 운종리,임실군청,543.9,457502601,나래산
전라북도 임실군 임실읍 대곡리,임실군청,541.4,457500101,갈미봉
전라북도 임실군 임실읍 대곡리,임실군청,541.4,457500101,갈미봉
전라북도 임실군 지사면 금평리,임실군청,487.1,457500401,덕재산
전라북도 임실군 청웅면 옥전리,임실군청,524.5,457500601,두만산
전라북도 전주시 덕진구 덕진동2가 ,전주시청,70.2,451100101,가련산
전라북도 전주시 덕진구 덕진동2가 ,전주시청,70.2,451100101,가련산
전라북도 전주시 덕진구 우아동1가 ,전주시청,307.3,451100801,기린봉
전라북도 전주시 덕진구 우아동1가 ,전주시청,436.3,451101201,두리봉
전라북도 전주시 완산구 대성동 ,전주시청,602.7,451100501,고덕산
전라북도 전주시 완산구 동서학동 ,전주시청,273.7,451100901,남고산
전라북도 전주시 완산구 석구동 ,전주시청,328.7,451103601,금성산
전라북도 전주시 완산구 원당동 ,전주시청,110.5,451100201,간대봉
전라북도 전주시 완산구 원당동 ,전주시청,110.5,451100201,간대봉
전라북도 전주시 완산구 중화산동1가 ,전주시청,71.4,451101001,다가산
전라북도 전주시 완산구 효자동1가 ,전주시청,184.2,451100601,곤지산
전라북도 정읍시 고부면 고부리,정읍시청,100.1,451800401,남산
전라북도 정읍시 내장동 ,정읍시청,763.5,451800501,내장산
전라북도 정읍시 덕천면 상학리,정읍시청,223.2,451800901,동죽산
전라북도 정읍시 산외면 평사리,정읍시청,258.9,451800701,독계봉
전라북도 정읍시 산외면 화죽리,정읍시청,388,451800801,독금산
전라북도 정읍시 정우면 우산리,정읍시청,139.1,451800601,덕재산
전라북도 정읍시 칠보면 수청리,정읍시청,642.4,451800201,고당산
전라북도 정읍시 흑암동 ,정읍시청,445.1,451801001,두승산
전라북도 존주시 덕진구 덕진동1가 ,전주시청,99.4,451100301,건지산
전라북도 진안군 동향면 자산리,진안군청,757.7,457200301,국사봉
전라북도 진안군 동향면 자산리,진안군청,875.8,457200101,고산
전라북도 진안군 백운면 덕현리,진안군청,887.9,457200501,내동산
전라북도 진안군 백운면 백암리,진안군청,1118,457200801,덕태산
전라북도 진안군 상전면 월포리,진안군청,593,457202801,대덕산
전라북도 진안군 성수면 용포리,진안군청,459.6,457200701,대두산
전라북도 진안군 주천면 운봉리,진안군청,1002,457200201,구봉산
제주도 서귀포시 서호동 ,서귀포시청,393.7,491300101,고근산
제주도 서귀포시 성산읍 고성리,서귀포시청,134.5,491301001,대수산봉
제주도 서귀포시 성산읍 수산리,서귀포시청,154.8,491301101,대왕산
제주도 서귀포시 성산읍 수산리,서귀포시청,166.3,491301301,돌산
제주도 서귀포시 성산읍 시흥리,서귀포시청,126.5,491301401,두산봉
제주도 서귀포시 성산읍 신산리,서귀포시청,156.1,491301201,독자봉
제주도 서귀포시 성산읍 신풍리,서귀포시청,168.3,491300501,남산봉
제주도 서귀포시 안덕면 사계리,서귀포시청,158.1,491300701,단산
제주도 서귀포시 안덕면 창천리,서귀포시청,335,491300201,군산
제주도 서귀포시 표선면 가시리,서귀포시청,472.2,491300901,대록산
제주도 서귀포시 표선면 하천리,서귀포시청,133.7,491300801,달산봉
제주도 제주시 도두동 ,제주시청,61.8,491100501,도두봉
제주도 제주시 애월읍 고내리,제주시청,172.9,491100101,고내봉
제주도 제주시 한경면 고산리,제주시청,145.7,491100401,당산봉
충청남도 공주시 계룡면 양화리,공주시청,846.5,441500301,계룡산_천황봉
충청남도 공주시 계룡면 하대리,공주시청,307.5,441504401,감바위산
충청남도 공주시 계룡면 하대리,공주시청,307.5,441504401,감바위산
충청남도 공주시 반포면 공암리,공주시청,319,441500401,고청봉
충청남도 공주시 반포면 마암리,공주시청,392.1,441500801,국사봉
충청남도 공주시 반포면 마암리,공주시청,392.1,441500801,국사봉
충청남도 공주시 반포면 온천리,공주시청,535.2,441501001,도덕봉
충청남도 공주시 사곡면 유룡리,공주시청,592.3,441504801,국사봉
충청남도 공주시 사곡면 유룡리,공주시청,592.3,441504801,국사봉
충청남도 공주시 신풍면 동원리,공주시청,317.7,441500601,광덕산
충청남도 공주시 신풍면 입동리,공주시청,355.1,441508401,구절산
충청남도 공주시 신풍면 조평리,공주시청,449,441504901,국사봉
충청남도 공주시 우성면 방문리,공주시청,311.3,441504301,갈미봉
충청남도 공주시 우성면 방문리,공주시청,311.3,441504301,갈미봉
충청남도 공주시 유구읍 녹천리,공주시청,399,441500501,관불산
충청남도 공주시 유구읍 명곡리,공주시청,421.9,441505101,극정봉
충청남도 공주시 유구읍 문금리,공주시청,574.8,441500901,금계산
충청남도 공주시 이인면 목동리,공주시청,330.9,441500701,구절산
충청남도 공주시 이인면 초봉리,공주시청,237,441500201,건지산
충청남도 공주시 탄천면 가척리,공주시청,160.4,441505601,됨봉
충청남도 금산군 군북면 외부리,금산군청,353.5,447100301,계원봉
충청남도 금산군 금산읍 하옥리,금산군청,230.8,447100501,남산
충청남도 금산군 금성면 마수리,금산군청,437.8,447100401,금성산
충청남도 금산군 부리면 방우리,금산군청,582.2,447100201,갈선산
충청남도 금산군 부리면 방우리,금산군청,582.2,447100201,갈선산
충청남도 금산군 제원면 제원리,금산군청,233.7,447100901,두루봉
충청남도 금산군 진산면 행정리,금산군청,879.1,447103401,대둔산
충청남도 논산시 가야곡면 병암리,논산시청,158.1,442300101,갈마산
충청남도 논산시 가야곡면 병암리,논산시청,158.1,442300101,갈마산
충청남도 논산시 노성면 송당리,논산시청,348.9,442300601,노성산
충청남도 논산시 벌곡면 수락리,논산시청,879.1,442300801,대둔산_마천대
충청남도 논산시 부적면 신교리,논산시청,181.3,442300901,대명산
충청남도 논산시 성동면 원봉리,논산시청,38.3,442301001,두리봉
충청남도 논산시 양촌면 산직리,논산시청,393.6,442300301,깃대봉
충청남도 논산시 양촌면 임화리,논산시청,375.4,442300501,남당산
충청남도 논산시 양촌면 중산리,논산시청,456.1,442300401,까치봉
충청남도 당진시 우강면 송산리,당진군청,79.2,448300301,당산
충청남도 당진시 합덕읍 소소리,당진군청,137.3,448300501,둔군봉
충청남도 보령시 남포면 제석리,보령시청,180.2,441800101,당경산
충청남도 보령시 미산면 늑전리,보령시청,393.6,441800201,동달산
충청남도 보령시 웅천읍 평리,보령시청,152.8,441800301,동막산
충청남도 부여군 부여읍 쌍북리,부여군청,216,447600501,금성산
충청남도 부여군 석성면 비당리,부여군청,49,447600901,동골산
충청남도 부여군 석성면 증산리,부여군청,52.6,447600701,노적봉
충청남도 부여군 세도면 사산리,부여군청,136.4,447600401,군관산
충청남도 부여군 외산면 비암리,부여군청,463.9,447600101,감봉산
충청남도 부여군 외산면 비암리,부여군청,463.9,447600101,감봉산
충청남도 부여군 임천면 두곡리,부여군청,139.4,447600801,대흥산
충청남도 부여군 초촌면 신암리,부여군청,194.8,447600201,감투봉
충청남도 부여군 충화면 지석리,부여군청,228.6,447600601,노고산
충청남도 서산시 부석면 지산리,서산시청,352.8,442100401,도비산
충청남도 서산시 운산면 갈산리,서산시청,176.3,442100501,동암산
충청남도 서산시 인지면 차리,서산시청,316.1,442100101,금강산
충청남도 서산시 팔봉면 고파도리,서산시청,69.7,442100201,당산
충청남도 서천군 마서면 장선리,서천군청,57.2,447700401,동태산
충청남도 서천군 문산면 문장리,서천군청,116.5,447700201,금성산
충청남도 서천군 서천읍 남산리,서천군청,146.9,447700301,남산
충청남도 서천군 한산면 지현리,서천군청,118.1,447702401,감투산
충청남도 아산시 신창면 창암리,아산시청,260.5,442001101,덕암산
충청남도 아산시 염치읍 송곡리,아산시청,131.9,442000701,금병산
충청남도 아산시 영인면 성내리,아산시청,251,442000801,금산
충청남도 아산시 영인면 신화리,아산시청,295.8,442000201,고용산
충청남도 아산시 음봉면 동암리,아산시청,270.6,442000901,꾀꼬리산
충청남도 아산시 음봉면 산동리,아산시청,110.3,442000601,금마산
충청남도 아산시 음봉면 삼거리,아산시청,226.2,442001301,둔덕산
충청남도 아산시 음봉면 쌍룡리,아산시청,185.2,442000101,가재산
충청남도 아산시 음봉면 쌍룡리,아산시청,185.2,442000101,가재산
충청남도 아산시 탕정면 명암리,아산시청,158.2,442000501,국사봉
충청남도 예산군 광시면 동산리,예산군청,383.9,448102801,내상산
충청남도 예산군 덕산면 대치리,예산군청,495.2,448100401,덕숭산_수덕산
충청남도 예산군 예산읍 간양리,예산군청,484.7,448102401,도고산
충청남도 예산군 예산읍 발연리,예산군청,390.5,448102201,관모산
충청남도 예산군 예산읍 수철리,예산군청,473.9,448100201,덕봉산
충청남도 예산군 예산읍 예산리,예산군청,234.4,448100101,금오산
충청남도 천안시 동남구 광덕면 광덕리,천안시청,699.3,441300301,광덕산
충청남도 천안시 동남구 병천면 송정리,천안시청,209.8,441300201,거머산
충청남도 천안시 동남구 북면 사담리,천안시청,453.8,441300101,개죽산
충청남도 천안시 서북구 성성동 ,천안시청,141.2,441300501,노태산
충청남도 청양군 목면 본의리,청양군청,210.8,447900101,계봉산
충청남도 청양군 운곡면 신대리,청양군청,488.5,447900201,국사봉
충청남도 청양군 운곡면 신대리,청양군청,488.5,447900201,국사봉
충청남도 청양군 운곡면 후덕리,청양군청,369.8,447900301,금자봉
충청남도 청양군 정산면 마치리,청양군청,476.9,447900501,대덕봉
충청남도 청양군 청남면 중산리,청양군청,41,447900401,내산
충청남도 태안군 근흥면 두야리,태안군청,145.5,448250101,구수산
충청남도 태안군 소원면 송현리,태안군청,213.7,448250501,대소산
충청남도 태안군 원북면 황촌리,태안군청,112.7,448250201,국사봉
충청남도 태안군 이원면 관리,태안군청,164.9,448250401,노인봉
충청남도 태안군 태안읍 삭선리,태안군청,150.7,448250301,금굴산
충청남도 홍성군 갈산면 운곡리,홍성군청,202.2,448000301,계봉산
충청남도 홍성군 은하면 목현리,홍성군청,57.1,448000101,갈록산
충청남도 홍성군 은하면 목현리,홍성군청,57.1,448000101,갈록산
충청남도 홍성군 은하면 목현리,홍성군청,133.1,448000201,검봉산
충청남도 홍성군 홍북읍 노은리,홍성군청,165.7,448000501,닭제산
충청남도 홍성군 홍성읍 옥암리,홍성군청,221.5,448000401,남산
충청북도 괴산군 문광면 방성리,괴산군청,432.5,437600401,두웅산
충청북도 괴산군 불정면 탑촌리,괴산군청,524.6,437600101,고양봉
충청북도 괴산군 청천면 거봉리,괴산군청,646.4,437600301,대산
충청북도 괴산군 청천면 상산리,괴산군청,768.2,437600201,금단산
충청북도 단양군 단성면 벌천리,단양군청,965.3,438002801,도락산
충청북도 단양군 단성면 북상리,단양군청,723,438000601,두악산
충청북도 단양군 단성면 북상리,단양군청,780.6,438000301,덕절산
충청북도 단양군 대강면 사동리,단양군청,1315.8,438000501,도솔봉
충청북도 단양군 영춘면 유암리,단양군청,266.1,438000101,감투봉
충청북도 단양군 적성면 상리,단양군청,1015.8,438002601,금수산
충청북도 보은군 내북면 도원리,보은군청,589.1,437201901,국사봉
충청북도 보은군 내북면 도원리,보은군청,589.1,437201901,국사봉
충청북도 보은군 내북면 이원리,보은군청,515.9,437200501,구봉산
충청북도 보은군 마로면 관기리,보은군청,458.5,437200201,고봉
충청북도 보은군 삼승면 서원리,보은군청,651.2,437200701,금적산
충청북도 보은군 속리산면 구병리,보은군청,876.3,437200401,구병산
충청북도 보은군 수한면 거현리,보은군청,575.1,437200901,덕대산
충청북도 보은군 수한면 질신리,보은군청,493.5,437200101,거멍산
충청북도 보은군 수한면 차정리,보은군청,515.5,437200801,노성산
충청북도 보은군 탄부면 하장리,보은군청,152.3,437201001,동산
충청북도 보은군 회인면 송평리,보은군청,550.8,437202701,국사봉
충청북도 보은군 회인면 송평리,보은군청,550.8,437202701,국사봉
충청북도 영동군 매곡면 옥전리,영동군청,729.9,437400101,가성산
충청북도 영동군 매곡면 옥전리,영동군청,729.9,437400101,가성산
충청북도 영동군 상촌면 유곡리,영동군청,1030.5,437400401,곤천산
충청북도 영동군 심천면 마곡리,영동군청,501.9,437400501,국사봉
충청북도 영동군 양산면 원당리,영동군청,337.5,437400901,대왕산
충청북도 영동군 양산면 죽산리,영동군청,429.5,437400701,노고산
충청북도 영동군 용화면 자계리,영동군청,625.4,437400301,갈모봉
충청북도 영동군 용화면 자계리,영동군청,625.4,437400301,갈모봉
충청북도 영동군 추풍령면 사부리,영동군청,744.4,437400801,눌의산
충청북도 영동군 학산면 지내리,영동군청,585,437400201,갈기산
충청북도 영동군 학산면 지내리,영동군청,585,437400201,갈기산
충청북도 옥천군 군서면 사양리,옥천군청,319.1,437300201,국사봉
충청북도 옥천군 군서면 사양리,옥천군청,319.1,437300201,국사봉
충청북도 옥천군 안내면 서대리,옥천군청,488,437300101,가재봉
충청북도 옥천군 안내면 서대리,옥천군청,488,437300101,가재봉
충청북도 옥천군 옥천읍 가풍리,옥천군청,406.9,437300501,도덕봉
충청북도 옥천군 이원면 의평리,옥천군청,705.9,437300401,대성산
충청북도 옥천군 청산면 만월리,옥천군청,543.4,437302801,도덕봉
충청북도 음성군 소이면 갑산리,음성군청,415.3,437700301,국사산
충청북도 음성군 원남면 구안리,음성군청,485,437700101,가막산
충청북도 음성군 원남면 구안리,음성군청,485,437700101,가막산
충청북도 제천시 금성면 동막리,제천시청,484.6,431500501,구진산
충청북도 제천시 금성면 월굴리,제천시청,566.7,431501101,대덕산
충청북도 제천시 덕산면 수산리,제천시청,591.3,431500901,다랑산
충청북도 제천시 덕산면 월악리,제천시청,1115.1,431501201,대미산
충청북도 제천시 백운면 방학리,제천시청,982.9,431500601,구학산
충청북도 제천시 수산면 상천리,제천시청,1015.8,431500701,금수산
충청북도 제천시 수산면 수산리,제천시청,477.5,431501401,두무산
충청북도 제천시 청풍면 용곡리,제천시청,529.9,431500401,관봉
충청북도 제천시 청풍면 장선리,제천시청,631.4,431504401,국사봉
충청북도 제천시 청풍면 장선리,제천시청,631.4,431504401,국사봉
충청북도 제천시 청풍면 학현리,제천시청,895.5,431501301,동산
충청북도 제천시 화산동 ,제천시청,275.1,431500801,남산
충청북도 진천군 문백면 계산리,진천군청,291.8,437500101,국사봉
충청북도 진천군 진천읍 지암리,진천군청,415.6,437500201,덕유산
충청북도 청주시 상당구 가덕면 인차리,청주시 상당구청,226,431101001,도덕산
충청북도 청주시 상당구 남성면 인경리,청주시 상당구청,543.2,431100101,가래산
충청북도 청주시 상당구 남성면 인경리,청주시 상당구청,543.2,431100101,가래산
충청북도 청주시 상당구 남일면 신송리,청주시 상당구청,282.2,431100601,국사봉
충청북도 청주시 상당구 남일면 신송리,청주시 상당구청,282.2,431100601,국사봉
충청북도 청주시 서원구 산남동 ,청주시 서원구청,548.7,431100401,구룡산
충청북도 청주시 청원구 내수읍 우산리,청주시 청원구청,499,431100301,구녀산
충청북도 청주시 흥덕구 옥산면 동림리,청주시 흥덕구청,458.3,431101101,동림산
충청북도 청주시 흥덕구 옥산면 장남리,청주시 흥덕구청,178.7,431101201,돛대산
충청북도 충주시 금가면 잠병리,충주시청,107.7,431300401,내기대
충청북도 충주시 소태면 덕은리,충주시청,326.1,431300501,노루봉
충청북도 충주시 수낭보면 중산리,충주시청,680.8,431300701,대미산
충청북도 충주시 신니면 신청리,충주시청,393.6,431300301,남산
충청북도 충주시 안림동 ,충주시청,774.3,431300101,계명산
충청북도 충주시 직동 ,충주시청,635.6,431305201,남산
충청북도 충주시 칠금동 ,충주시청,106.9,431300601,대문산
